id,threadId,senderId,senderType,content,isRead,createdAt
78,c93a1846-ee31-455d-9847-d117b7596db9,41,user,"Hello, I need help",true,2026-06-19T04:00:00Z
79,c93a1846-ee31-455d-9847-d117b7596db9,,bot,Hello! How can I help you?,true,2026-06-19T08:00:00Z
80,c93a1846-ee31-455d-9847-d117b7596db9,41,user,Can you recommend a suitable product?,true,2026-06-19T12:00:00Z
81,c93a1846-ee31-455d-9847-d117b7596db9,,bot,Please provide more details,true,2026-06-19T16:00:00Z
82,c93a1846-ee31-455d-9847-d117b7596db9,41,user,Here are the details,true,2026-06-20
83,b73691e9-bda0-4168-b0b9-62dffee66fa3,42,user,"Hello, I need help",true,2026-06-19T04:00:00Z
84,b73691e9-bda0-4168-b0b9-62dffee66fa3,,bot,Hello! How can I help you?,true,2026-06-19T08:00:00Z
85,b73691e9-bda0-4168-b0b9-62dffee66fa3,42,user,Can you recommend a suitable product?,true,2026-06-19T12:00:00Z
86,b73691e9-bda0-4168-b0b9-62dffee66fa3,,bot,Please provide more details,true,2026-06-19T16:00:00Z
87,b73691e9-bda0-4168-b0b9-62dffee66fa3,42,user,Here are the details,true,2026-06-20
88,2b2992d9-c4b1-4d05-958f-90ac42dc2ac9,43,user,"Hello, I need help",true,2026-06-19T04:00:00Z
89,2b2992d9-c4b1-4d05-958f-90ac42dc2ac9,,bot,Hello! How can I help you?,true,2026-06-19T08:00:00Z
90,2b2992d9-c4b1-4d05-958f-90ac42dc2ac9,43,user,Can you recommend a suitable product?,true,2026-06-19T12:00:00Z
91,2b2992d9-c4b1-4d05-958f-90ac42dc2ac9,,bot,Please provide more details,true,2026-06-19T16:00:00Z
92,2b2992d9-c4b1-4d05-958f-90ac42dc2ac9,43,user,Here are the details,true,2026-06-20
93,b9b794bd-a4df-42ee-b783-d45e60ba6559,44,user,"Hello, I need help",true,2026-06-19T04:00:00Z
94,b9b794bd-a4df-42ee-b783-d45e60ba6559,,bot,Hello! How can I help you?,true,2026-06-19T08:00:00Z
95,b9b794bd-a4df-42ee-b783-d45e60ba6559,44,user,Can you recommend a suitable product?,true,2026-06-19T12:00:00Z
96,b9b794bd-a4df-42ee-b783-d45e60ba6559,,bot,Please provide more details,true,2026-06-19T16:00:00Z
97,b9b794bd-a4df-42ee-b783-d45e60ba6559,44,user,Here are the details,true,2026-06-20
98,4c22b49c-bbf3-4a10-a3e5-8b6113d946bf,45,user,"Hello, I need help",true,2026-06-19T04:00:00Z
99,4c22b49c-bbf3-4a10-a3e5-8b6113d946bf,,bot,Hello! How can I help you?,true,2026-06-19T08:00:00Z
100,4c22b49c-bbf3-4a10-a3e5-8b6113d946bf,45,user,Can you recommend a suitable product?,true,2026-06-19T12:00:00Z
101,4c22b49c-bbf3-4a10-a3e5-8b6113d946bf,,bot,Please provide more details,true,2026-06-19T16:00:00Z
102,4c22b49c-bbf3-4a10-a3e5-8b6113d946bf,45,user,Here are the details,true,2026-06-20
103,d3ddfadc-69cd-4b49-87b7-23607ee0a7f1,46,user,"Hello, I need help",true,2026-06-19T04:00:00Z
104,d3ddfadc-69cd-4b49-87b7-23607ee0a7f1,,bot,Hello! How can I help you?,true,2026-06-19T08:00:00Z
105,d3ddfadc-69cd-4b49-87b7-23607ee0a7f1,46,user,Can you recommend a suitable product?,true,2026-06-19T12:00:00Z
106,d3ddfadc-69cd-4b49-87b7-23607ee0a7f1,,bot,Please provide more details,true,2026-06-19T16:00:00Z
107,d3ddfadc-69cd-4b49-87b7-23607ee0a7f1,46,user,Here are the details,true,2026-06-20
108,6a574578-7f32-478e-83e5-631a310dc2cf,47,user,"Hello, I need help",true,2026-06-19T04:00:00Z
109,6a574578-7f32-478e-83e5-631a310dc2cf,,bot,Hello! How can I help you?,true,2026-06-19T08:00:00Z
110,6a574578-7f32-478e-83e5-631a310dc2cf,47,user,Can you recommend a suitable product?,true,2026-06-19T12:00:00Z
111,6a574578-7f32-478e-83e5-631a310dc2cf,,bot,Please provide more details,true,2026-06-19T16:00:00Z
112,6a574578-7f32-478e-83e5-631a310dc2cf,47,user,Here are the details,true,2026-06-20
113,6841506b-af08-4f11-96ae-d69bbe78b954,48,user,"Hello, I need help",true,2026-06-19T04:00:00Z
114,6841506b-af08-4f11-96ae-d69bbe78b954,,bot,Hello! How can I help you?,true,2026-06-19T08:00:00Z
115,6841506b-af08-4f11-96ae-d69bbe78b954,48,user,Can you recommend a suitable product?,true,2026-06-19T12:00:00Z
116,6841506b-af08-4f11-96ae-d69bbe78b954,,bot,Please provide more details,true,2026-06-19T16:00:00Z
117,6841506b-af08-4f11-96ae-d69bbe78b954,48,user,Here are the details,true,2026-06-20
118,baa387d1-f49a-4bfb-b7cd-da872c2392b6,49,user,"Hello, I need help",true,2026-06-19T04:00:00Z
119,baa387d1-f49a-4bfb-b7cd-da872c2392b6,,bot,Hello! How can I help you?,true,2026-06-19T08:00:00Z
120,baa387d1-f49a-4bfb-b7cd-da872c2392b6,49,user,Can you recommend a suitable product?,true,2026-06-19T12:00:00Z
121,baa387d1-f49a-4bfb-b7cd-da872c2392b6,,bot,Please provide more details,true,2026-06-19T16:00:00Z
122,baa387d1-f49a-4bfb-b7cd-da872c2392b6,49,user,Here are the details,true,2026-06-20
123,9815e7f3-3516-489f-9b4d-18ee4caf3003,50,user,"Hello, I need help",true,2026-06-19T04:00:00Z
124,9815e7f3-3516-489f-9b4d-18ee4caf3003,,bot,Hello! How can I help you?,true,2026-06-19T08:00:00Z
125,9815e7f3-3516-489f-9b4d-18ee4caf3003,50,user,Can you recommend a suitable product?,true,2026-06-19T12:00:00Z
126,9815e7f3-3516-489f-9b4d-18ee4caf3003,,bot,Please provide more details,true,2026-06-19T16:00:00Z
127,9815e7f3-3516-489f-9b4d-18ee4caf3003,50,user,Here are the details,true,2026-06-20
128,c49c6ab2-f8b5-4faf-aff0-a2016ce659a6,51,user,"Hello, I need help",true,2026-06-19T04:00:00Z
129,c49c6ab2-f8b5-4faf-aff0-a2016ce659a6,,bot,Hello! How can I help you?,true,2026-06-19T08:00:00Z
130,c49c6ab2-f8b5-4faf-aff0-a2016ce659a6,51,user,Can you recommend a suitable product?,true,2026-06-19T12:00:00Z
131,c49c6ab2-f8b5-4faf-aff0-a2016ce659a6,,bot,Please provide more details,true,2026-06-19T16:00:00Z
132,c49c6ab2-f8b5-4faf-aff0-a2016ce659a6,51,user,Here are the details,true,2026-06-20
133,af9068f5-5385-4c87-8456-2ca46dd51c72,52,user,"Hello, I need help",true,2026-06-19T04:00:00Z
134,af9068f5-5385-4c87-8456-2ca46dd51c72,,bot,Hello! How can I help you?,true,2026-06-19T08:00:00Z
135,af9068f5-5385-4c87-8456-2ca46dd51c72,52,user,Can you recommend a suitable product?,true,2026-06-19T12:00:00Z
136,af9068f5-5385-4c87-8456-2ca46dd51c72,,bot,Please provide more details,true,2026-06-19T16:00:00Z
137,af9068f5-5385-4c87-8456-2ca46dd51c72,52,user,Here are the details,true,2026-06-20
138,1b1a392f-6c17-4662-8075-4a17b4f35a89,53,user,"Hello, I need help",true,2026-06-19T04:00:00Z
139,1b1a392f-6c17-4662-8075-4a17b4f35a89,,bot,Hello! How can I help you?,true,2026-06-19T08:00:00Z
140,1b1a392f-6c17-4662-8075-4a17b4f35a89,53,user,Can you recommend a suitable product?,true,2026-06-19T12:00:00Z
141,1b1a392f-6c17-4662-8075-4a17b4f35a89,,bot,Please provide more details,true,2026-06-19T16:00:00Z
142,1b1a392f-6c17-4662-8075-4a17b4f35a89,53,user,Here are the details,true,2026-06-20
143,94aef37a-81b6-4269-9b50-9b8bb6fdc682,54,user,"Hello, I need help",true,2026-06-19T04:00:00Z
144,94aef37a-81b6-4269-9b50-9b8bb6fdc682,,bot,Hello! How can I help you?,true,2026-06-19T08:00:00Z
145,94aef37a-81b6-4269-9b50-9b8bb6fdc682,54,user,Can you recommend a suitable product?,true,2026-06-19T12:00:00Z
146,94aef37a-81b6-4269-9b50-9b8bb6fdc682,,bot,Please provide more details,true,2026-06-19T16:00:00Z
147,94aef37a-81b6-4269-9b50-9b8bb6fdc682,54,user,Here are the details,true,2026-06-20
148,509ec7be-09ef-4c49-a367-e11280a9b19f,55,user,"Hello, I need help",true,2026-06-19T04:00:00Z
149,509ec7be-09ef-4c49-a367-e11280a9b19f,,bot,Hello! How can I help you?,true,2026-06-19T08:00:00Z
150,509ec7be-09ef-4c49-a367-e11280a9b19f,55,user,Can you recommend a suitable product?,true,2026-06-19T12:00:00Z
151,509ec7be-09ef-4c49-a367-e11280a9b19f,,bot,Please provide more details,true,2026-06-19T16:00:00Z
152,509ec7be-09ef-4c49-a367-e11280a9b19f,55,user,Here are the details,true,2026-06-20
153,ed7005db-01a4-49e2-b11f-05ec0f71c99b,56,user,"Hello, I need help",true,2026-06-19T04:00:00Z
154,ed7005db-01a4-49e2-b11f-05ec0f71c99b,,bot,Hello! How can I help you?,true,2026-06-19T08:00:00Z
155,ed7005db-01a4-49e2-b11f-05ec0f71c99b,56,user,Can you recommend a suitable product?,true,2026-06-19T12:00:00Z
156,ed7005db-01a4-49e2-b11f-05ec0f71c99b,,bot,Please provide more details,true,2026-06-19T16:00:00Z
157,ed7005db-01a4-49e2-b11f-05ec0f71c99b,56,user,Here are the details,true,2026-06-20
158,803fa174-c60c-4675-b084-b3b46866beda,57,user,"Hello, I need help",true,2026-06-19T04:00:00Z
159,803fa174-c60c-4675-b084-b3b46866beda,,bot,Hello! How can I help you?,true,2026-06-19T08:00:00Z
160,803fa174-c60c-4675-b084-b3b46866beda,57,user,Can you recommend a suitable product?,true,2026-06-19T12:00:00Z
161,803fa174-c60c-4675-b084-b3b46866beda,,bot,Please provide more details,true,2026-06-19T16:00:00Z
162,803fa174-c60c-4675-b084-b3b46866beda,57,user,Here are the details,true,2026-06-20
163,ac2761c9-a87d-4c49-ba22-11fd8441b85e,58,user,"Hello, I need help",true,2026-06-19T04:00:00Z
164,ac2761c9-a87d-4c49-ba22-11fd8441b85e,,bot,Hello! How can I help you?,true,2026-06-19T08:00:00Z
165,ac2761c9-a87d-4c49-ba22-11fd8441b85e,58,user,Can you recommend a suitable product?,true,2026-06-19T12:00:00Z
166,ac2761c9-a87d-4c49-ba22-11fd8441b85e,,bot,Please provide more details,true,2026-06-19T16:00:00Z
167,ac2761c9-a87d-4c49-ba22-11fd8441b85e,58,user,Here are the details,true,2026-06-20
168,bb534060-47c6-4ecf-b40d-397a683397d2,59,user,"Hello, I need help",true,2026-06-19T04:00:00Z
169,bb534060-47c6-4ecf-b40d-397a683397d2,,bot,Hello! How can I help you?,true,2026-06-19T08:00:00Z
170,bb534060-47c6-4ecf-b40d-397a683397d2,59,user,Can you recommend a suitable product?,true,2026-06-19T12:00:00Z
171,bb534060-47c6-4ecf-b40d-397a683397d2,,bot,Please provide more details,true,2026-06-19T16:00:00Z
172,bb534060-47c6-4ecf-b40d-397a683397d2,59,user,Here are the details,true,2026-06-20
173,7ef6f484-cb0e-4d7a-b969-1628af6e8fa1,60,user,"Hello, I need help",true,2026-06-19T04:00:00Z
174,7ef6f484-cb0e-4d7a-b969-1628af6e8fa1,,bot,Hello! How can I help you?,true,2026-06-19T08:00:00Z
175,7ef6f484-cb0e-4d7a-b969-1628af6e8fa1,60,user,Can you recommend a suitable product?,true,2026-06-19T12:00:00Z
176,7ef6f484-cb0e-4d7a-b969-1628af6e8fa1,,bot,Please provide more details,true,2026-06-19T16:00:00Z
177,7ef6f484-cb0e-4d7a-b969-1628af6e8fa1,60,user,Here are the details,true,2026-06-20
178,dceea9c4-9baf-46bf-8fe1-bd48590fd3b2,61,user,"Hello, I need help",true,2026-06-19T04:00:00Z
179,dceea9c4-9baf-46bf-8fe1-bd48590fd3b2,,bot,Hello! How can I help you?,true,2026-06-19T08:00:00Z
180,dceea9c4-9baf-46bf-8fe1-bd48590fd3b2,61,user,Can you recommend a suitable product?,true,2026-06-19T12:00:00Z
181,dceea9c4-9baf-46bf-8fe1-bd48590fd3b2,,bot,Please provide more details,true,2026-06-19T16:00:00Z
182,dceea9c4-9baf-46bf-8fe1-bd48590fd3b2,61,user,Here are the details,true,2026-06-20
183,2919fef3-809c-46d7-afcf-c6444fa7e599,62,user,"Hello, I need help",true,2026-06-19T04:00:00Z
184,2919fef3-809c-46d7-afcf-c6444fa7e599,,bot,Hello! How can I help you?,true,2026-06-19T08:00:00Z
185,2919fef3-809c-46d7-afcf-c6444fa7e599,62,user,Can you recommend a suitable product?,true,2026-06-19T12:00:00Z
186,2919fef3-809c-46d7-afcf-c6444fa7e599,,bot,Please provide more details,true,2026-06-19T16:00:00Z
187,2919fef3-809c-46d7-afcf-c6444fa7e599,62,user,Here are the details,true,2026-06-20
188,3d022cc3-2ed0-4c6a-924a-1a414842b150,63,user,"Hello, I need help",true,2026-06-19T04:00:00Z
189,3d022cc3-2ed0-4c6a-924a-1a414842b150,,bot,Hello! How can I help you?,true,2026-06-19T08:00:00Z
190,3d022cc3-2ed0-4c6a-924a-1a414842b150,63,user,Can you recommend a suitable product?,true,2026-06-19T12:00:00Z
191,3d022cc3-2ed0-4c6a-924a-1a414842b150,,bot,Please provide more details,true,2026-06-19T16:00:00Z
192,3d022cc3-2ed0-4c6a-924a-1a414842b150,63,user,Here are the details,true,2026-06-20
193,f95e3446-337e-4267-b348-afa19fe11027,64,user,"Hello, I need help",true,2026-06-19T04:00:00Z
194,f95e3446-337e-4267-b348-afa19fe11027,,bot,Hello! How can I help you?,true,2026-06-19T08:00:00Z
195,f95e3446-337e-4267-b348-afa19fe11027,64,user,Can you recommend a suitable product?,true,2026-06-19T12:00:00Z
196,f95e3446-337e-4267-b348-afa19fe11027,,bot,Please provide more details,true,2026-06-19T16:00:00Z
197,f95e3446-337e-4267-b348-afa19fe11027,64,user,Here are the details,true,2026-06-20
198,e668dbbe-d580-4919-af05-2527bdc183ba,65,user,"Hello, I need help",true,2026-06-19T04:00:00Z
199,e668dbbe-d580-4919-af05-2527bdc183ba,,bot,Hello! How can I help you?,true,2026-06-19T08:00:00Z
200,e668dbbe-d580-4919-af05-2527bdc183ba,65,user,Can you recommend a suitable product?,true,2026-06-19T12:00:00Z
201,e668dbbe-d580-4919-af05-2527bdc183ba,,bot,Please provide more details,true,2026-06-19T16:00:00Z
202,e668dbbe-d580-4919-af05-2527bdc183ba,65,user,Here are the details,true,2026-06-20
203,7a428bde-40e2-4e04-a66a-1efa130d0ee0,66,user,"Hello, I need help",true,2026-06-19T04:00:00Z
204,7a428bde-40e2-4e04-a66a-1efa130d0ee0,,bot,Hello! How can I help you?,true,2026-06-19T08:00:00Z
205,7a428bde-40e2-4e04-a66a-1efa130d0ee0,66,user,Can you recommend a suitable product?,true,2026-06-19T12:00:00Z
206,7a428bde-40e2-4e04-a66a-1efa130d0ee0,,bot,Please provide more details,true,2026-06-19T16:00:00Z
207,7a428bde-40e2-4e04-a66a-1efa130d0ee0,66,user,Here are the details,true,2026-06-20
208,aefe74a6-0139-4189-bd58-86f411002c42,67,user,"Hello, I need help",true,2026-06-19T04:00:00Z
209,aefe74a6-0139-4189-bd58-86f411002c42,,bot,Hello! How can I help you?,true,2026-06-19T08:00:00Z
210,aefe74a6-0139-4189-bd58-86f411002c42,67,user,Can you recommend a suitable product?,true,2026-06-19T12:00:00Z
211,aefe74a6-0139-4189-bd58-86f411002c42,,bot,Please provide more details,true,2026-06-19T16:00:00Z
212,aefe74a6-0139-4189-bd58-86f411002c42,67,user,Here are the details,true,2026-06-20
213,bb48a8f4-d2b2-4f5e-92b5-a61e9673af77,68,user,"Hello, I need help",true,2026-06-19T04:00:00Z
214,bb48a8f4-d2b2-4f5e-92b5-a61e9673af77,,bot,Hello! How can I help you?,true,2026-06-19T08:00:00Z
215,bb48a8f4-d2b2-4f5e-92b5-a61e9673af77,68,user,Can you recommend a suitable product?,true,2026-06-19T12:00:00Z
216,bb48a8f4-d2b2-4f5e-92b5-a61e9673af77,,bot,Please provide more details,true,2026-06-19T16:00:00Z
217,bb48a8f4-d2b2-4f5e-92b5-a61e9673af77,68,user,Here are the details,true,2026-06-20
218,d0b9feca-0d35-4375-bc06-20a253b6aa1f,69,user,"Hello, I need help",true,2026-06-19T04:00:00Z
219,d0b9feca-0d35-4375-bc06-20a253b6aa1f,,bot,Hello! How can I help you?,true,2026-06-19T08:00:00Z
220,d0b9feca-0d35-4375-bc06-20a253b6aa1f,69,user,Can you recommend a suitable product?,true,2026-06-19T12:00:00Z
221,d0b9feca-0d35-4375-bc06-20a253b6aa1f,,bot,Please provide more details,true,2026-06-19T16:00:00Z
222,d0b9feca-0d35-4375-bc06-20a253b6aa1f,69,user,Here are the details,true,2026-06-20
223,64f21329-5ce1-41d6-a03d-723a44447fb6,70,user,"Hello, I need help",true,2026-06-19T04:00:00Z
224,64f21329-5ce1-41d6-a03d-723a44447fb6,,bot,Hello! How can I help you?,true,2026-06-19T08:00:00Z
225,64f21329-5ce1-41d6-a03d-723a44447fb6,70,user,Can you recommend a suitable product?,true,2026-06-19T12:00:00Z
226,64f21329-5ce1-41d6-a03d-723a44447fb6,,bot,Please provide more details,true,2026-06-19T16:00:00Z
227,64f21329-5ce1-41d6-a03d-723a44447fb6,70,user,Here are the details,true,2026-06-20
228,f96f57b4-9469-4c09-ba8b-dd09e649203d,71,user,"Hello, I need help",true,2026-06-19T04:00:00Z
229,f96f57b4-9469-4c09-ba8b-dd09e649203d,,bot,Hello! How can I help you?,true,2026-06-19T08:00:00Z
230,f96f57b4-9469-4c09-ba8b-dd09e649203d,71,user,Can you recommend a suitable product?,true,2026-06-19T12:00:00Z
231,f96f57b4-9469-4c09-ba8b-dd09e649203d,,bot,Please provide more details,true,2026-06-19T16:00:00Z
232,f96f57b4-9469-4c09-ba8b-dd09e649203d,71,user,Here are the details,true,2026-06-20
233,a81fdc36-0dcf-4fa2-b144-51d30596499a,72,user,"Hello, I need help",true,2026-06-19T04:00:00Z
234,a81fdc36-0dcf-4fa2-b144-51d30596499a,,bot,Hello! How can I help you?,true,2026-06-19T08:00:00Z
235,a81fdc36-0dcf-4fa2-b144-51d30596499a,72,user,Can you recommend a suitable product?,true,2026-06-19T12:00:00Z
236,a81fdc36-0dcf-4fa2-b144-51d30596499a,,bot,Please provide more details,true,2026-06-19T16:00:00Z
237,a81fdc36-0dcf-4fa2-b144-51d30596499a,72,user,Here are the details,true,2026-06-20
238,7b364fc1-ecee-470c-8bef-2ed68f74d7ca,73,user,"Hello, I need help",true,2026-06-19T04:00:00Z
239,7b364fc1-ecee-470c-8bef-2ed68f74d7ca,,bot,Hello! How can I help you?,true,2026-06-19T08:00:00Z
240,7b364fc1-ecee-470c-8bef-2ed68f74d7ca,73,user,Can you recommend a suitable product?,true,2026-06-19T12:00:00Z
241,7b364fc1-ecee-470c-8bef-2ed68f74d7ca,,bot,Please provide more details,true,2026-06-19T16:00:00Z
242,7b364fc1-ecee-470c-8bef-2ed68f74d7ca,73,user,Here are the details,true,2026-06-20
243,4caf79e2-663e-4475-a93d-d9ba0e3b803c,74,user,"Hello, I need help",true,2026-06-19T04:00:00Z
244,4caf79e2-663e-4475-a93d-d9ba0e3b803c,,bot,Hello! How can I help you?,true,2026-06-19T08:00:00Z
245,4caf79e2-663e-4475-a93d-d9ba0e3b803c,74,user,Can you recommend a suitable product?,true,2026-06-19T12:00:00Z
246,4caf79e2-663e-4475-a93d-d9ba0e3b803c,,bot,Please provide more details,true,2026-06-19T16:00:00Z
247,4caf79e2-663e-4475-a93d-d9ba0e3b803c,74,user,Here are the details,true,2026-06-20
248,37df9de6-81c7-4b1c-84bb-49bc84bdb849,75,user,"Hello, I need help",true,2026-06-19T04:00:00Z
249,37df9de6-81c7-4b1c-84bb-49bc84bdb849,,bot,Hello! How can I help you?,true,2026-06-19T08:00:00Z
250,37df9de6-81c7-4b1c-84bb-49bc84bdb849,75,user,Can you recommend a suitable product?,true,2026-06-19T12:00:00Z
251,37df9de6-81c7-4b1c-84bb-49bc84bdb849,,bot,Please provide more details,true,2026-06-19T16:00:00Z
252,37df9de6-81c7-4b1c-84bb-49bc84bdb849,75,user,Here are the details,true,2026-06-20
253,4970a62e-444f-4a68-a1a1-8b8af3ef3d68,76,user,"Hello, I need help",true,2026-06-19T04:00:00Z
254,4970a62e-444f-4a68-a1a1-8b8af3ef3d68,,bot,Hello! How can I help you?,true,2026-06-19T08:00:00Z
255,4970a62e-444f-4a68-a1a1-8b8af3ef3d68,76,user,Can you recommend a suitable product?,true,2026-06-19T12:00:00Z
256,4970a62e-444f-4a68-a1a1-8b8af3ef3d68,,bot,Please provide more details,true,2026-06-19T16:00:00Z
257,4970a62e-444f-4a68-a1a1-8b8af3ef3d68,76,user,Here are the details,true,2026-06-20
258,3078fde5-6e94-4b86-bbf9-b03a0a583aeb,77,user,"Hello, I need help",true,2026-06-19T04:00:00Z
259,3078fde5-6e94-4b86-bbf9-b03a0a583aeb,,bot,Hello! How can I help you?,true,2026-06-19T08:00:00Z
260,3078fde5-6e94-4b86-bbf9-b03a0a583aeb,77,user,Can you recommend a suitable product?,true,2026-06-19T12:00:00Z
261,3078fde5-6e94-4b86-bbf9-b03a0a583aeb,,bot,Please provide more details,true,2026-06-19T16:00:00Z
262,3078fde5-6e94-4b86-bbf9-b03a0a583aeb,77,user,Here are the details,true,2026-06-20
263,359101c7-abb1-4cd1-8891-6517e847589a,78,user,"Hello, I need help",true,2026-06-19T04:00:00Z
264,359101c7-abb1-4cd1-8891-6517e847589a,,bot,Hello! How can I help you?,true,2026-06-19T08:00:00Z
265,359101c7-abb1-4cd1-8891-6517e847589a,78,user,Can you recommend a suitable product?,true,2026-06-19T12:00:00Z
266,359101c7-abb1-4cd1-8891-6517e847589a,,bot,Please provide more details,true,2026-06-19T16:00:00Z
267,359101c7-abb1-4cd1-8891-6517e847589a,78,user,Here are the details,true,2026-06-20
268,032f52e5-67ef-413d-83fd-8a62036f0c09,79,user,"Hello, I need help",true,2026-06-19T04:00:00Z
269,032f52e5-67ef-413d-83fd-8a62036f0c09,,bot,Hello! How can I help you?,true,2026-06-19T08:00:00Z
270,032f52e5-67ef-413d-83fd-8a62036f0c09,79,user,Can you recommend a suitable product?,true,2026-06-19T12:00:00Z
271,032f52e5-67ef-413d-83fd-8a62036f0c09,,bot,Please provide more details,true,2026-06-19T16:00:00Z
272,032f52e5-67ef-413d-83fd-8a62036f0c09,79,user,Here are the details,true,2026-06-20
273,2f142fea-956c-4e6e-b1ff-eb4e085c7d76,80,user,"Hello, I need help",true,2026-06-19T04:00:00Z
274,2f142fea-956c-4e6e-b1ff-eb4e085c7d76,,bot,Hello! How can I help you?,true,2026-06-19T08:00:00Z
275,2f142fea-956c-4e6e-b1ff-eb4e085c7d76,80,user,Can you recommend a suitable product?,true,2026-06-19T12:00:00Z
276,2f142fea-956c-4e6e-b1ff-eb4e085c7d76,,bot,Please provide more details,true,2026-06-19T16:00:00Z
277,2f142fea-956c-4e6e-b1ff-eb4e085c7d76,80,user,Here are the details,true,2026-06-20
278,338c124a-730c-40ab-9cf5-3796cd378270,81,user,"Hello, I need help",true,2026-06-19T04:00:00Z
279,338c124a-730c-40ab-9cf5-3796cd378270,16,admin,"Hello, I will help you with your issue",true,2026-06-19T08:00:00Z
280,338c124a-730c-40ab-9cf5-3796cd378270,81,user,I have a question about my order,true,2026-06-19T12:00:00Z
281,338c124a-730c-40ab-9cf5-3796cd378270,16,admin,Please provide more details,true,2026-06-19T16:00:00Z
282,338c124a-730c-40ab-9cf5-3796cd378270,81,user,Here are the details,false,2026-06-20
283,8f11fa8a-c517-453e-99cc-028f70d75d3e,82,user,"Hello, I need help",true,2026-06-19T04:00:00Z
284,8f11fa8a-c517-453e-99cc-028f70d75d3e,16,admin,"Hello, I will help you with your issue",true,2026-06-19T08:00:00Z
285,8f11fa8a-c517-453e-99cc-028f70d75d3e,82,user,I have a question about my order,true,2026-06-19T12:00:00Z
286,8f11fa8a-c517-453e-99cc-028f70d75d3e,16,admin,Please provide more details,true,2026-06-19T16:00:00Z
287,8f11fa8a-c517-453e-99cc-028f70d75d3e,82,user,Here are the details,false,2026-06-20
288,2283bd91-3568-4bdc-8661-0f1578755bf9,83,user,"Hello, I need help",true,2026-06-19T04:00:00Z
289,2283bd91-3568-4bdc-8661-0f1578755bf9,16,admin,"Hello, I will help you with your issue",true,2026-06-19T08:00:00Z
290,2283bd91-3568-4bdc-8661-0f1578755bf9,83,user,I have a question about my order,true,2026-06-19T12:00:00Z
291,2283bd91-3568-4bdc-8661-0f1578755bf9,16,admin,Please provide more details,true,2026-06-19T16:00:00Z
292,2283bd91-3568-4bdc-8661-0f1578755bf9,83,user,Here are the details,false,2026-06-20
293,667586bc-bd0d-46c3-a9af-44df82cb73b8,84,user,"Hello, I need help",true,2026-06-19T04:00:00Z
294,667586bc-bd0d-46c3-a9af-44df82cb73b8,16,admin,"Hello, I will help you with your issue",true,2026-06-19T08:00:00Z
295,667586bc-bd0d-46c3-a9af-44df82cb73b8,84,user,I have a question about my order,true,2026-06-19T12:00:00Z
296,667586bc-bd0d-46c3-a9af-44df82cb73b8,16,admin,Please provide more details,true,2026-06-19T16:00:00Z
297,667586bc-bd0d-46c3-a9af-44df82cb73b8,84,user,Here are the details,false,2026-06-20
298,0a41d69f-6586-44c7-bf5c-562463b33c0a,85,user,"Hello, I need help",true,2026-06-19T04:00:00Z
299,0a41d69f-6586-44c7-bf5c-562463b33c0a,16,admin,"Hello, I will help you with your issue",true,2026-06-19T08:00:00Z
300,0a41d69f-6586-44c7-bf5c-562463b33c0a,85,user,I have a question about my order,true,2026-06-19T12:00:00Z
301,0a41d69f-6586-44c7-bf5c-562463b33c0a,16,admin,Please provide more details,true,2026-06-19T16:00:00Z
302,0a41d69f-6586-44c7-bf5c-562463b33c0a,85,user,Here are the details,false,2026-06-20
303,9741243f-a34d-4872-959b-64437b0f878d,86,user,"Hello, I need help",true,2026-06-19T04:00:00Z
304,9741243f-a34d-4872-959b-64437b0f878d,16,admin,"Hello, I will help you with your issue",true,2026-06-19T08:00:00Z
305,9741243f-a34d-4872-959b-64437b0f878d,86,user,I have a question about my order,true,2026-06-19T12:00:00Z
306,9741243f-a34d-4872-959b-64437b0f878d,16,admin,Please provide more details,true,2026-06-19T16:00:00Z
307,9741243f-a34d-4872-959b-64437b0f878d,86,user,Here are the details,false,2026-06-20
308,ffde6d4a-56b5-477c-bc4f-36c76f082984,87,user,"Hello, I need help",true,2026-06-19T04:00:00Z
309,ffde6d4a-56b5-477c-bc4f-36c76f082984,16,admin,"Hello, I will help you with your issue",true,2026-06-19T08:00:00Z
310,ffde6d4a-56b5-477c-bc4f-36c76f082984,87,user,I have a question about my order,true,2026-06-19T12:00:00Z
311,ffde6d4a-56b5-477c-bc4f-36c76f082984,16,admin,Please provide more details,true,2026-06-19T16:00:00Z
312,ffde6d4a-56b5-477c-bc4f-36c76f082984,87,user,Here are the details,false,2026-06-20
313,534cfcf1-9318-4086-924b-b5ff6eda9c76,88,user,"Hello, I need help",true,2026-06-19T04:00:00Z
314,534cfcf1-9318-4086-924b-b5ff6eda9c76,16,admin,"Hello, I will help you with your issue",true,2026-06-19T08:00:00Z
315,534cfcf1-9318-4086-924b-b5ff6eda9c76,88,user,I have a question about my order,true,2026-06-19T12:00:00Z
316,534cfcf1-9318-4086-924b-b5ff6eda9c76,16,admin,Please provide more details,true,2026-06-19T16:00:00Z
317,534cfcf1-9318-4086-924b-b5ff6eda9c76,88,user,Here are the details,false,2026-06-20
318,2958613a-11f3-4bef-b04e-7e3307bab8d8,89,user,"Hello, I need help",true,2026-06-19T04:00:00Z
319,2958613a-11f3-4bef-b04e-7e3307bab8d8,16,admin,"Hello, I will help you with your issue",true,2026-06-19T08:00:00Z
320,2958613a-11f3-4bef-b04e-7e3307bab8d8,89,user,I have a question about my order,true,2026-06-19T12:00:00Z
321,2958613a-11f3-4bef-b04e-7e3307bab8d8,16,admin,Please provide more details,true,2026-06-19T16:00:00Z
322,2958613a-11f3-4bef-b04e-7e3307bab8d8,89,user,Here are the details,false,2026-06-20
323,14206d56-bb05-45eb-8dba-b50a5b3ac378,90,user,"Hello, I need help",true,2026-06-19T04:00:00Z
324,14206d56-bb05-45eb-8dba-b50a5b3ac378,16,admin,"Hello, I will help you with your issue",true,2026-06-19T08:00:00Z
325,14206d56-bb05-45eb-8dba-b50a5b3ac378,90,user,I have a question about my order,true,2026-06-19T12:00:00Z
326,14206d56-bb05-45eb-8dba-b50a5b3ac378,16,admin,Please provide more details,true,2026-06-19T16:00:00Z
327,14206d56-bb05-45eb-8dba-b50a5b3ac378,90,user,Here are the details,false,2026-06-20
328,bd72d532-2829-416f-8a53-126cc442841c,91,user,"Hello, I need help",true,2026-06-19T04:00:00Z
329,bd72d532-2829-416f-8a53-126cc442841c,16,admin,"Hello, I will help you with your issue",true,2026-06-19T08:00:00Z
330,bd72d532-2829-416f-8a53-126cc442841c,91,user,I have a question about my order,true,2026-06-19T12:00:00Z
331,bd72d532-2829-416f-8a53-126cc442841c,16,admin,Please provide more details,true,2026-06-19T16:00:00Z
332,bd72d532-2829-416f-8a53-126cc442841c,91,user,Here are the details,false,2026-06-20
333,e0ef84f7-5285-4ba4-8d51-f0d356b4d02b,92,user,"Hello, I need help",true,2026-06-19T04:00:00Z
334,e0ef84f7-5285-4ba4-8d51-f0d356b4d02b,16,admin,"Hello, I will help you with your issue",true,2026-06-19T08:00:00Z
335,e0ef84f7-5285-4ba4-8d51-f0d356b4d02b,92,user,I have a question about my order,true,2026-06-19T12:00:00Z
336,e0ef84f7-5285-4ba4-8d51-f0d356b4d02b,16,admin,Please provide more details,true,2026-06-19T16:00:00Z
337,e0ef84f7-5285-4ba4-8d51-f0d356b4d02b,92,user,Here are the details,false,2026-06-20
338,86125887-39e2-427c-afc6-8fccbdd948ac,93,user,"Hello, I need help",true,2026-06-19T04:00:00Z
339,86125887-39e2-427c-afc6-8fccbdd948ac,16,admin,"Hello, I will help you with your issue",true,2026-06-19T08:00:00Z
340,86125887-39e2-427c-afc6-8fccbdd948ac,93,user,I have a question about my order,true,2026-06-19T12:00:00Z
341,86125887-39e2-427c-afc6-8fccbdd948ac,16,admin,Please provide more details,true,2026-06-19T16:00:00Z
342,86125887-39e2-427c-afc6-8fccbdd948ac,93,user,Here are the details,false,2026-06-20
343,c09a8902-968e-4efa-a229-27202aff74ed,94,user,"Hello, I need help",true,2026-06-19T04:00:00Z
344,c09a8902-968e-4efa-a229-27202aff74ed,16,admin,"Hello, I will help you with your issue",true,2026-06-19T08:00:00Z
345,c09a8902-968e-4efa-a229-27202aff74ed,94,user,I have a question about my order,true,2026-06-19T12:00:00Z
346,c09a8902-968e-4efa-a229-27202aff74ed,16,admin,Please provide more details,true,2026-06-19T16:00:00Z
347,c09a8902-968e-4efa-a229-27202aff74ed,94,user,Here are the details,false,2026-06-20
348,2ae4c7b2-1b58-49cf-917b-cdbaf35f0557,95,user,"Hello, I need help",true,2026-06-19T04:00:00Z
349,2ae4c7b2-1b58-49cf-917b-cdbaf35f0557,16,admin,"Hello, I will help you with your issue",true,2026-06-19T08:00:00Z
350,2ae4c7b2-1b58-49cf-917b-cdbaf35f0557,95,user,I have a question about my order,true,2026-06-19T12:00:00Z
351,2ae4c7b2-1b58-49cf-917b-cdbaf35f0557,16,admin,Please provide more details,true,2026-06-19T16:00:00Z
352,2ae4c7b2-1b58-49cf-917b-cdbaf35f0557,95,user,Here are the details,false,2026-06-20
353,94d3ccbb-25d9-4b5a-b2c5-44235ac6c159,96,user,"Hello, I need help",true,2026-06-19T04:00:00Z
354,94d3ccbb-25d9-4b5a-b2c5-44235ac6c159,16,admin,"Hello, I will help you with your issue",true,2026-06-19T08:00:00Z
355,94d3ccbb-25d9-4b5a-b2c5-44235ac6c159,96,user,I have a question about my order,true,2026-06-19T12:00:00Z
356,94d3ccbb-25d9-4b5a-b2c5-44235ac6c159,16,admin,Please provide more details,true,2026-06-19T16:00:00Z
357,94d3ccbb-25d9-4b5a-b2c5-44235ac6c159,96,user,Here are the details,false,2026-06-20
358,59b1a160-a3d0-4c5d-baf9-10340dccb1a2,97,user,"Hello, I need help",true,2026-06-19T04:00:00Z
359,59b1a160-a3d0-4c5d-baf9-10340dccb1a2,16,admin,"Hello, I will help you with your issue",true,2026-06-19T08:00:00Z
360,59b1a160-a3d0-4c5d-baf9-10340dccb1a2,97,user,I have a question about my order,true,2026-06-19T12:00:00Z
361,59b1a160-a3d0-4c5d-baf9-10340dccb1a2,16,admin,Please provide more details,true,2026-06-19T16:00:00Z
362,59b1a160-a3d0-4c5d-baf9-10340dccb1a2,97,user,Here are the details,false,2026-06-20
363,bea9be7a-9237-489d-897f-b3a95865a6da,98,user,"Hello, I need help",true,2026-06-19T04:00:00Z
364,bea9be7a-9237-489d-897f-b3a95865a6da,16,admin,"Hello, I will help you with your issue",true,2026-06-19T08:00:00Z
365,bea9be7a-9237-489d-897f-b3a95865a6da,98,user,I have a question about my order,true,2026-06-19T12:00:00Z
366,bea9be7a-9237-489d-897f-b3a95865a6da,16,admin,Please provide more details,true,2026-06-19T16:00:00Z
367,bea9be7a-9237-489d-897f-b3a95865a6da,98,user,Here are the details,false,2026-06-20
368,fc45580c-3cda-47af-996a-cef5dacf8cef,99,user,"Hello, I need help",true,2026-06-19T04:00:00Z
369,fc45580c-3cda-47af-996a-cef5dacf8cef,16,admin,"Hello, I will help you with your issue",true,2026-06-19T08:00:00Z
370,fc45580c-3cda-47af-996a-cef5dacf8cef,99,user,I have a question about my order,true,2026-06-19T12:00:00Z
371,fc45580c-3cda-47af-996a-cef5dacf8cef,16,admin,Please provide more details,true,2026-06-19T16:00:00Z
372,fc45580c-3cda-47af-996a-cef5dacf8cef,99,user,Here are the details,false,2026-06-20
373,9eef3938-61c4-4d9f-a67e-8c8735492bed,100,user,"Hello, I need help",true,2026-06-19T04:00:00Z
374,9eef3938-61c4-4d9f-a67e-8c8735492bed,16,admin,"Hello, I will help you with your issue",true,2026-06-19T08:00:00Z
375,9eef3938-61c4-4d9f-a67e-8c8735492bed,100,user,I have a question about my order,true,2026-06-19T12:00:00Z
376,9eef3938-61c4-4d9f-a67e-8c8735492bed,16,admin,Please provide more details,true,2026-06-19T16:00:00Z
377,9eef3938-61c4-4d9f-a67e-8c8735492bed,100,user,Here are the details,false,2026-06-20
378,c1972092-26a7-401a-a0c9-c09c46e0fbb3,101,user,"Hello, I need help",true,2026-06-19T04:00:00Z
379,c1972092-26a7-401a-a0c9-c09c46e0fbb3,16,admin,"Hello, I will help you with your issue",true,2026-06-19T08:00:00Z
380,c1972092-26a7-401a-a0c9-c09c46e0fbb3,101,user,I have a question about my order,true,2026-06-19T12:00:00Z
381,c1972092-26a7-401a-a0c9-c09c46e0fbb3,16,admin,Please provide more details,true,2026-06-19T16:00:00Z
382,c1972092-26a7-401a-a0c9-c09c46e0fbb3,101,user,Here are the details,false,2026-06-20
383,41301071-e4c3-46fe-bdf0-9474b220a3fa,102,user,"Hello, I need help",true,2026-06-19T04:00:00Z
384,41301071-e4c3-46fe-bdf0-9474b220a3fa,16,admin,"Hello, I will help you with your issue",true,2026-06-19T08:00:00Z
385,41301071-e4c3-46fe-bdf0-9474b220a3fa,102,user,I have a question about my order,true,2026-06-19T12:00:00Z
386,41301071-e4c3-46fe-bdf0-9474b220a3fa,16,admin,Please provide more details,true,2026-06-19T16:00:00Z
387,41301071-e4c3-46fe-bdf0-9474b220a3fa,102,user,Here are the details,false,2026-06-20
388,d3c62d9a-11ac-4f87-9901-c27776e4cc4e,103,user,"Hello, I need help",true,2026-06-19T04:00:00Z
389,d3c62d9a-11ac-4f87-9901-c27776e4cc4e,16,admin,"Hello, I will help you with your issue",true,2026-06-19T08:00:00Z
390,d3c62d9a-11ac-4f87-9901-c27776e4cc4e,103,user,I have a question about my order,true,2026-06-19T12:00:00Z
391,d3c62d9a-11ac-4f87-9901-c27776e4cc4e,16,admin,Please provide more details,true,2026-06-19T16:00:00Z
392,d3c62d9a-11ac-4f87-9901-c27776e4cc4e,103,user,Here are the details,false,2026-06-20
393,95113611-e0dd-49e3-b303-6b4f53ddf1e9,104,user,"Hello, I need help",true,2026-06-19T04:00:00Z
394,95113611-e0dd-49e3-b303-6b4f53ddf1e9,16,admin,"Hello, I will help you with your issue",true,2026-06-19T08:00:00Z
395,95113611-e0dd-49e3-b303-6b4f53ddf1e9,104,user,I have a question about my order,true,2026-06-19T12:00:00Z
396,95113611-e0dd-49e3-b303-6b4f53ddf1e9,16,admin,Please provide more details,true,2026-06-19T16:00:00Z
397,95113611-e0dd-49e3-b303-6b4f53ddf1e9,104,user,Here are the details,false,2026-06-20
398,31c0dfb9-840d-4c80-9a82-8c9780711aae,105,user,"Hello, I need help",true,2026-06-19T04:00:00Z
399,31c0dfb9-840d-4c80-9a82-8c9780711aae,16,admin,"Hello, I will help you with your issue",true,2026-06-19T08:00:00Z
400,31c0dfb9-840d-4c80-9a82-8c9780711aae,105,user,I have a question about my order,true,2026-06-19T12:00:00Z
401,31c0dfb9-840d-4c80-9a82-8c9780711aae,16,admin,Please provide more details,true,2026-06-19T16:00:00Z
402,31c0dfb9-840d-4c80-9a82-8c9780711aae,105,user,Here are the details,false,2026-06-20
403,16f51617-c9b2-496f-85eb-30b57d6dfdd6,106,user,"Hello, I need help",true,2026-06-19T04:00:00Z
404,16f51617-c9b2-496f-85eb-30b57d6dfdd6,16,admin,"Hello, I will help you with your issue",true,2026-06-19T08:00:00Z
405,16f51617-c9b2-496f-85eb-30b57d6dfdd6,106,user,I have a question about my order,true,2026-06-19T12:00:00Z
406,16f51617-c9b2-496f-85eb-30b57d6dfdd6,16,admin,Please provide more details,true,2026-06-19T16:00:00Z
407,16f51617-c9b2-496f-85eb-30b57d6dfdd6,106,user,Here are the details,false,2026-06-20
408,e4893d87-142c-4c5f-86f2-64585a8cc5e5,107,user,"Hello, I need help",true,2026-06-19T04:00:00Z
409,e4893d87-142c-4c5f-86f2-64585a8cc5e5,16,admin,"Hello, I will help you with your issue",true,2026-06-19T08:00:00Z
410,e4893d87-142c-4c5f-86f2-64585a8cc5e5,107,user,I have a question about my order,true,2026-06-19T12:00:00Z
411,e4893d87-142c-4c5f-86f2-64585a8cc5e5,16,admin,Please provide more details,true,2026-06-19T16:00:00Z
412,e4893d87-142c-4c5f-86f2-64585a8cc5e5,107,user,Here are the details,false,2026-06-20
413,54e2360f-5a87-4c3e-9c62-ce6d25477dcc,108,user,"Hello, I need help",true,2026-06-19T04:00:00Z
414,54e2360f-5a87-4c3e-9c62-ce6d25477dcc,16,admin,"Hello, I will help you with your issue",true,2026-06-19T08:00:00Z
415,54e2360f-5a87-4c3e-9c62-ce6d25477dcc,108,user,I have a question about my order,true,2026-06-19T12:00:00Z
416,54e2360f-5a87-4c3e-9c62-ce6d25477dcc,16,admin,Please provide more details,true,2026-06-19T16:00:00Z
417,54e2360f-5a87-4c3e-9c62-ce6d25477dcc,108,user,Here are the details,false,2026-06-20
418,d3b8ff66-de72-4770-b8fc-b81fdb37ddb9,109,user,"Hello, I need help",true,2026-06-19T04:00:00Z
419,d3b8ff66-de72-4770-b8fc-b81fdb37ddb9,16,admin,"Hello, I will help you with your issue",true,2026-06-19T08:00:00Z
420,d3b8ff66-de72-4770-b8fc-b81fdb37ddb9,109,user,I have a question about my order,true,2026-06-19T12:00:00Z
421,d3b8ff66-de72-4770-b8fc-b81fdb37ddb9,16,admin,Please provide more details,true,2026-06-19T16:00:00Z
422,d3b8ff66-de72-4770-b8fc-b81fdb37ddb9,109,user,Here are the details,false,2026-06-20
423,a1779615-c041-427b-9ee5-c777e4d490fc,110,user,"Hello, I need help",true,2026-06-19T04:00:00Z
424,a1779615-c041-427b-9ee5-c777e4d490fc,16,admin,"Hello, I will help you with your issue",true,2026-06-19T08:00:00Z
425,a1779615-c041-427b-9ee5-c777e4d490fc,110,user,I have a question about my order,true,2026-06-19T12:00:00Z
426,a1779615-c041-427b-9ee5-c777e4d490fc,16,admin,Please provide more details,true,2026-06-19T16:00:00Z
427,a1779615-c041-427b-9ee5-c777e4d490fc,110,user,Here are the details,false,2026-06-20
428,0cae5a0d-5710-4fce-b88e-ae59b1ee01c0,111,user,"Hello, I need help",true,2026-06-19T04:00:00Z
429,0cae5a0d-5710-4fce-b88e-ae59b1ee01c0,16,admin,"Hello, I will help you with your issue",true,2026-06-19T08:00:00Z
430,0cae5a0d-5710-4fce-b88e-ae59b1ee01c0,111,user,I have a question about my order,true,2026-06-19T12:00:00Z
431,0cae5a0d-5710-4fce-b88e-ae59b1ee01c0,16,admin,Please provide more details,true,2026-06-19T16:00:00Z
432,0cae5a0d-5710-4fce-b88e-ae59b1ee01c0,111,user,Here are the details,false,2026-06-20
433,5a4a3304-9a07-4f7c-aa61-f80022d2e347,112,user,"Hello, I need help",true,2026-06-19T04:00:00Z
434,5a4a3304-9a07-4f7c-aa61-f80022d2e347,16,admin,"Hello, I will help you with your issue",true,2026-06-19T08:00:00Z
435,5a4a3304-9a07-4f7c-aa61-f80022d2e347,112,user,I have a question about my order,true,2026-06-19T12:00:00Z
436,5a4a3304-9a07-4f7c-aa61-f80022d2e347,16,admin,Please provide more details,true,2026-06-19T16:00:00Z
437,5a4a3304-9a07-4f7c-aa61-f80022d2e347,112,user,Here are the details,false,2026-06-20
438,0287ed62-d576-4891-9601-60a68165f8aa,113,user,"Hello, I need help",true,2026-06-19T04:00:00Z
439,0287ed62-d576-4891-9601-60a68165f8aa,16,admin,"Hello, I will help you with your issue",true,2026-06-19T08:00:00Z
440,0287ed62-d576-4891-9601-60a68165f8aa,113,user,I have a question about my order,true,2026-06-19T12:00:00Z
441,0287ed62-d576-4891-9601-60a68165f8aa,16,admin,Please provide more details,true,2026-06-19T16:00:00Z
442,0287ed62-d576-4891-9601-60a68165f8aa,113,user,Here are the details,false,2026-06-20
443,857a1388-9f93-44a8-8f6b-8a0ea5793eae,114,user,"Hello, I need help",true,2026-06-19T04:00:00Z
444,857a1388-9f93-44a8-8f6b-8a0ea5793eae,16,admin,"Hello, I will help you with your issue",true,2026-06-19T08:00:00Z
445,857a1388-9f93-44a8-8f6b-8a0ea5793eae,114,user,I have a question about my order,true,2026-06-19T12:00:00Z
446,857a1388-9f93-44a8-8f6b-8a0ea5793eae,16,admin,Please provide more details,true,2026-06-19T16:00:00Z
447,857a1388-9f93-44a8-8f6b-8a0ea5793eae,114,user,Here are the details,false,2026-06-20
448,ed2d3ce1-c8be-434a-8d63-fd4256f3b007,115,user,"Hello, I need help",true,2026-06-19T04:00:00Z
449,ed2d3ce1-c8be-434a-8d63-fd4256f3b007,16,admin,"Hello, I will help you with your issue",true,2026-06-19T08:00:00Z
450,ed2d3ce1-c8be-434a-8d63-fd4256f3b007,115,user,I have a question about my order,true,2026-06-19T12:00:00Z
451,ed2d3ce1-c8be-434a-8d63-fd4256f3b007,16,admin,Please provide more details,true,2026-06-19T16:00:00Z
452,ed2d3ce1-c8be-434a-8d63-fd4256f3b007,115,user,Here are the details,false,2026-06-20
453,e867da1e-5878-4431-8224-6f7a22e191bf,116,user,"Hello, I need help",true,2026-06-19T04:00:00Z
454,e867da1e-5878-4431-8224-6f7a22e191bf,16,admin,"Hello, I will help you with your issue",true,2026-06-19T08:00:00Z
455,e867da1e-5878-4431-8224-6f7a22e191bf,116,user,I have a question about my order,true,2026-06-19T12:00:00Z
456,e867da1e-5878-4431-8224-6f7a22e191bf,16,admin,Please provide more details,true,2026-06-19T16:00:00Z
457,e867da1e-5878-4431-8224-6f7a22e191bf,116,user,Here are the details,false,2026-06-20
458,240f9a44-fa11-4936-8b4c-201aa9cc9620,117,user,"Hello, I need help",true,2026-06-19T04:00:00Z
459,240f9a44-fa11-4936-8b4c-201aa9cc9620,16,admin,"Hello, I will help you with your issue",true,2026-06-19T08:00:00Z
460,240f9a44-fa11-4936-8b4c-201aa9cc9620,117,user,I have a question about my order,true,2026-06-19T12:00:00Z
461,240f9a44-fa11-4936-8b4c-201aa9cc9620,16,admin,Please provide more details,true,2026-06-19T16:00:00Z
462,240f9a44-fa11-4936-8b4c-201aa9cc9620,117,user,Here are the details,false,2026-06-20
463,8ab335f9-e38c-4544-8fa5-e94c835dd4f7,118,user,"Hello, I need help",true,2026-06-19T04:00:00Z
464,8ab335f9-e38c-4544-8fa5-e94c835dd4f7,16,admin,"Hello, I will help you with your issue",true,2026-06-19T08:00:00Z
465,8ab335f9-e38c-4544-8fa5-e94c835dd4f7,118,user,I have a question about my order,true,2026-06-19T12:00:00Z
466,8ab335f9-e38c-4544-8fa5-e94c835dd4f7,16,admin,Please provide more details,true,2026-06-19T16:00:00Z
467,8ab335f9-e38c-4544-8fa5-e94c835dd4f7,118,user,Here are the details,false,2026-06-20
468,6b9f44cb-64ac-4fc8-96ef-b1954da3995b,119,user,"Hello, I need help",true,2026-06-19T04:00:00Z
469,6b9f44cb-64ac-4fc8-96ef-b1954da3995b,16,admin,"Hello, I will help you with your issue",true,2026-06-19T08:00:00Z
470,6b9f44cb-64ac-4fc8-96ef-b1954da3995b,119,user,I have a question about my order,true,2026-06-19T12:00:00Z
471,6b9f44cb-64ac-4fc8-96ef-b1954da3995b,16,admin,Please provide more details,true,2026-06-19T16:00:00Z
472,6b9f44cb-64ac-4fc8-96ef-b1954da3995b,119,user,Here are the details,false,2026-06-20
473,ac6041d7-01ce-41b5-b1cc-2cb207219914,120,user,"Hello, I need help",true,2026-06-19T04:00:00Z
474,ac6041d7-01ce-41b5-b1cc-2cb207219914,16,admin,"Hello, I will help you with your issue",true,2026-06-19T08:00:00Z
475,ac6041d7-01ce-41b5-b1cc-2cb207219914,120,user,I have a question about my order,true,2026-06-19T12:00:00Z
476,ac6041d7-01ce-41b5-b1cc-2cb207219914,16,admin,Please provide more details,true,2026-06-19T16:00:00Z
477,ac6041d7-01ce-41b5-b1cc-2cb207219914,120,user,Here are the details,false,2026-06-20
478,21aa734f-944a-4be9-8187-a488c52c06b5,121,user,"Hello, I need help",true,2026-06-19T04:00:00Z
479,21aa734f-944a-4be9-8187-a488c52c06b5,16,admin,"Hello, I will help you with your issue",true,2026-06-19T08:00:00Z
480,21aa734f-944a-4be9-8187-a488c52c06b5,121,user,I have a question about my order,true,2026-06-19T12:00:00Z
481,21aa734f-944a-4be9-8187-a488c52c06b5,16,admin,Please provide more details,true,2026-06-19T16:00:00Z
482,21aa734f-944a-4be9-8187-a488c52c06b5,121,user,Here are the details,true,2026-06-20
483,8964cb44-26a8-4003-9f15-027768db16bf,122,user,"Hello, I need help",true,2026-06-19T04:00:00Z
484,8964cb44-26a8-4003-9f15-027768db16bf,16,admin,"Hello, I will help you with your issue",true,2026-06-19T08:00:00Z
485,8964cb44-26a8-4003-9f15-027768db16bf,122,user,I have a question about my order,true,2026-06-19T12:00:00Z
486,8964cb44-26a8-4003-9f15-027768db16bf,16,admin,Please provide more details,true,2026-06-19T16:00:00Z
487,8964cb44-26a8-4003-9f15-027768db16bf,122,user,Here are the details,true,2026-06-20
488,aa750d86-b6cd-4bc5-be45-ca99103c55f8,123,user,"Hello, I need help",true,2026-06-19T04:00:00Z
489,aa750d86-b6cd-4bc5-be45-ca99103c55f8,16,admin,"Hello, I will help you with your issue",true,2026-06-19T08:00:00Z
490,aa750d86-b6cd-4bc5-be45-ca99103c55f8,123,user,I have a question about my order,true,2026-06-19T12:00:00Z
491,aa750d86-b6cd-4bc5-be45-ca99103c55f8,16,admin,Please provide more details,true,2026-06-19T16:00:00Z
492,aa750d86-b6cd-4bc5-be45-ca99103c55f8,123,user,Here are the details,true,2026-06-20
493,fb5fbce1-8786-4d4f-840c-7990a54169aa,124,user,"Hello, I need help",true,2026-06-19T04:00:00Z
494,fb5fbce1-8786-4d4f-840c-7990a54169aa,16,admin,"Hello, I will help you with your issue",true,2026-06-19T08:00:00Z
495,fb5fbce1-8786-4d4f-840c-7990a54169aa,124,user,I have a question about my order,true,2026-06-19T12:00:00Z
496,fb5fbce1-8786-4d4f-840c-7990a54169aa,16,admin,Please provide more details,true,2026-06-19T16:00:00Z
497,fb5fbce1-8786-4d4f-840c-7990a54169aa,124,user,Here are the details,true,2026-06-20
498,c196f856-caaa-4fb1-abbe-c063dfccd38a,125,user,"Hello, I need help",true,2026-06-19T04:00:00Z
499,c196f856-caaa-4fb1-abbe-c063dfccd38a,16,admin,"Hello, I will help you with your issue",true,2026-06-19T08:00:00Z
500,c196f856-caaa-4fb1-abbe-c063dfccd38a,125,user,I have a question about my order,true,2026-06-19T12:00:00Z
501,c196f856-caaa-4fb1-abbe-c063dfccd38a,16,admin,Please provide more details,true,2026-06-19T16:00:00Z
502,c196f856-caaa-4fb1-abbe-c063dfccd38a,125,user,Here are the details,true,2026-06-20
503,63385da4-66aa-4df4-a73e-e46456dbe267,126,user,"Hello, I need help",true,2026-06-19T04:00:00Z
504,63385da4-66aa-4df4-a73e-e46456dbe267,16,admin,"Hello, I will help you with your issue",true,2026-06-19T08:00:00Z
505,63385da4-66aa-4df4-a73e-e46456dbe267,126,user,I have a question about my order,true,2026-06-19T12:00:00Z
506,63385da4-66aa-4df4-a73e-e46456dbe267,16,admin,Please provide more details,true,2026-06-19T16:00:00Z
507,63385da4-66aa-4df4-a73e-e46456dbe267,126,user,Here are the details,true,2026-06-20
508,32741991-6d93-4080-8c98-11d32a39a707,127,user,"Hello, I need help",true,2026-06-19T04:00:00Z
509,32741991-6d93-4080-8c98-11d32a39a707,16,admin,"Hello, I will help you with your issue",true,2026-06-19T08:00:00Z
510,32741991-6d93-4080-8c98-11d32a39a707,127,user,I have a question about my order,true,2026-06-19T12:00:00Z
511,32741991-6d93-4080-8c98-11d32a39a707,16,admin,Please provide more details,true,2026-06-19T16:00:00Z
512,32741991-6d93-4080-8c98-11d32a39a707,127,user,Here are the details,true,2026-06-20
513,a6bd265b-ab40-4eda-a719-c7caff45c324,128,user,"Hello, I need help",true,2026-06-19T04:00:00Z
514,a6bd265b-ab40-4eda-a719-c7caff45c324,16,admin,"Hello, I will help you with your issue",true,2026-06-19T08:00:00Z
515,a6bd265b-ab40-4eda-a719-c7caff45c324,128,user,I have a question about my order,true,2026-06-19T12:00:00Z
516,a6bd265b-ab40-4eda-a719-c7caff45c324,16,admin,Please provide more details,true,2026-06-19T16:00:00Z
517,a6bd265b-ab40-4eda-a719-c7caff45c324,128,user,Here are the details,true,2026-06-20
518,8b35b1d4-c38b-4c39-9c7b-c63bde35f9ee,129,user,"Hello, I need help",true,2026-06-19T04:00:00Z
519,8b35b1d4-c38b-4c39-9c7b-c63bde35f9ee,16,admin,"Hello, I will help you with your issue",true,2026-06-19T08:00:00Z
520,8b35b1d4-c38b-4c39-9c7b-c63bde35f9ee,129,user,I have a question about my order,true,2026-06-19T12:00:00Z
521,8b35b1d4-c38b-4c39-9c7b-c63bde35f9ee,16,admin,Please provide more details,true,2026-06-19T16:00:00Z
522,8b35b1d4-c38b-4c39-9c7b-c63bde35f9ee,129,user,Here are the details,true,2026-06-20
523,cdb226b9-283c-4c9e-9893-a306d46d4e6c,130,user,"Hello, I need help",true,2026-06-19T04:00:00Z
524,cdb226b9-283c-4c9e-9893-a306d46d4e6c,16,admin,"Hello, I will help you with your issue",true,2026-06-19T08:00:00Z
525,cdb226b9-283c-4c9e-9893-a306d46d4e6c,130,user,I have a question about my order,true,2026-06-19T12:00:00Z
526,cdb226b9-283c-4c9e-9893-a306d46d4e6c,16,admin,Please provide more details,true,2026-06-19T16:00:00Z
527,cdb226b9-283c-4c9e-9893-a306d46d4e6c,130,user,Here are the details,true,2026-06-20
528,55340f47-e83c-447e-b658-63616fcebd03,131,user,"Hello, I need help",true,2026-06-19T04:00:00Z
529,55340f47-e83c-447e-b658-63616fcebd03,16,admin,"Hello, I will help you with your issue",true,2026-06-19T08:00:00Z
530,55340f47-e83c-447e-b658-63616fcebd03,131,user,I have a question about my order,true,2026-06-19T12:00:00Z
531,55340f47-e83c-447e-b658-63616fcebd03,16,admin,Please provide more details,true,2026-06-19T16:00:00Z
532,55340f47-e83c-447e-b658-63616fcebd03,131,user,Here are the details,true,2026-06-20
533,681407b2-e01b-4f6d-8814-1b53a2ed0b18,132,user,"Hello, I need help",true,2026-06-19T04:00:00Z
534,681407b2-e01b-4f6d-8814-1b53a2ed0b18,16,admin,"Hello, I will help you with your issue",true,2026-06-19T08:00:00Z
535,681407b2-e01b-4f6d-8814-1b53a2ed0b18,132,user,I have a question about my order,true,2026-06-19T12:00:00Z
536,681407b2-e01b-4f6d-8814-1b53a2ed0b18,16,admin,Please provide more details,true,2026-06-19T16:00:00Z
537,681407b2-e01b-4f6d-8814-1b53a2ed0b18,132,user,Here are the details,true,2026-06-20
538,64d8151f-e8dc-49d9-ac6b-c6e5ac70b0a8,133,user,"Hello, I need help",true,2026-06-19T04:00:00Z
539,64d8151f-e8dc-49d9-ac6b-c6e5ac70b0a8,16,admin,"Hello, I will help you with your issue",true,2026-06-19T08:00:00Z
540,64d8151f-e8dc-49d9-ac6b-c6e5ac70b0a8,133,user,I have a question about my order,true,2026-06-19T12:00:00Z
541,64d8151f-e8dc-49d9-ac6b-c6e5ac70b0a8,16,admin,Please provide more details,true,2026-06-19T16:00:00Z
542,64d8151f-e8dc-49d9-ac6b-c6e5ac70b0a8,133,user,Here are the details,true,2026-06-20
543,bb2805c1-0dcb-4dda-b048-a25c8548eaa3,134,user,"Hello, I need help",true,2026-06-19T04:00:00Z
544,bb2805c1-0dcb-4dda-b048-a25c8548eaa3,16,admin,"Hello, I will help you with your issue",true,2026-06-19T08:00:00Z
545,bb2805c1-0dcb-4dda-b048-a25c8548eaa3,134,user,I have a question about my order,true,2026-06-19T12:00:00Z
546,bb2805c1-0dcb-4dda-b048-a25c8548eaa3,16,admin,Please provide more details,true,2026-06-19T16:00:00Z
547,bb2805c1-0dcb-4dda-b048-a25c8548eaa3,134,user,Here are the details,true,2026-06-20
548,c22b5f0e-82a6-48fb-8bf2-56378522e06a,135,user,"Hello, I need help",true,2026-06-19T04:00:00Z
549,c22b5f0e-82a6-48fb-8bf2-56378522e06a,16,admin,"Hello, I will help you with your issue",true,2026-06-19T08:00:00Z
550,c22b5f0e-82a6-48fb-8bf2-56378522e06a,135,user,I have a question about my order,true,2026-06-19T12:00:00Z
551,c22b5f0e-82a6-48fb-8bf2-56378522e06a,16,admin,Please provide more details,true,2026-06-19T16:00:00Z
552,c22b5f0e-82a6-48fb-8bf2-56378522e06a,135,user,Here are the details,true,2026-06-20
553,2420ea51-2581-4ada-ae93-5349ff0ea0be,136,user,"Hello, I need help",true,2026-06-19T04:00:00Z
554,2420ea51-2581-4ada-ae93-5349ff0ea0be,16,admin,"Hello, I will help you with your issue",true,2026-06-19T08:00:00Z
555,2420ea51-2581-4ada-ae93-5349ff0ea0be,136,user,I have a question about my order,true,2026-06-19T12:00:00Z
556,2420ea51-2581-4ada-ae93-5349ff0ea0be,16,admin,Please provide more details,true,2026-06-19T16:00:00Z
557,2420ea51-2581-4ada-ae93-5349ff0ea0be,136,user,Here are the details,true,2026-06-20
558,bfb01e8d-714a-40c9-9668-c1b94e9111ec,137,user,"Hello, I need help",true,2026-06-19T04:00:00Z
559,bfb01e8d-714a-40c9-9668-c1b94e9111ec,16,admin,"Hello, I will help you with your issue",true,2026-06-19T08:00:00Z
560,bfb01e8d-714a-40c9-9668-c1b94e9111ec,137,user,I have a question about my order,true,2026-06-19T12:00:00Z
561,bfb01e8d-714a-40c9-9668-c1b94e9111ec,16,admin,Please provide more details,true,2026-06-19T16:00:00Z
562,bfb01e8d-714a-40c9-9668-c1b94e9111ec,137,user,Here are the details,true,2026-06-20
563,4eb050d8-429d-496d-a3d7-bbd76002371d,138,user,"Hello, I need help",true,2026-06-19T04:00:00Z
564,4eb050d8-429d-496d-a3d7-bbd76002371d,16,admin,"Hello, I will help you with your issue",true,2026-06-19T08:00:00Z
565,4eb050d8-429d-496d-a3d7-bbd76002371d,138,user,I have a question about my order,true,2026-06-19T12:00:00Z
566,4eb050d8-429d-496d-a3d7-bbd76002371d,16,admin,Please provide more details,true,2026-06-19T16:00:00Z
567,4eb050d8-429d-496d-a3d7-bbd76002371d,138,user,Here are the details,true,2026-06-20
568,fb36ba0f-8017-4cd7-96c8-e7de12e8ba23,139,user,"Hello, I need help",true,2026-06-19T04:00:00Z
569,fb36ba0f-8017-4cd7-96c8-e7de12e8ba23,16,admin,"Hello, I will help you with your issue",true,2026-06-19T08:00:00Z
570,fb36ba0f-8017-4cd7-96c8-e7de12e8ba23,139,user,I have a question about my order,true,2026-06-19T12:00:00Z
571,fb36ba0f-8017-4cd7-96c8-e7de12e8ba23,16,admin,Please provide more details,true,2026-06-19T16:00:00Z
572,fb36ba0f-8017-4cd7-96c8-e7de12e8ba23,139,user,Here are the details,true,2026-06-20
573,553858b4-5128-41e4-8671-93afc99efcd0,140,user,"Hello, I need help",true,2026-06-19T04:00:00Z
574,553858b4-5128-41e4-8671-93afc99efcd0,16,admin,"Hello, I will help you with your issue",true,2026-06-19T08:00:00Z
575,553858b4-5128-41e4-8671-93afc99efcd0,140,user,I have a question about my order,true,2026-06-19T12:00:00Z
576,553858b4-5128-41e4-8671-93afc99efcd0,16,admin,Please provide more details,true,2026-06-19T16:00:00Z
577,553858b4-5128-41e4-8671-93afc99efcd0,140,user,Here are the details,true,2026-06-20
